<?xml version="1.0" encoding="UTF-8" standalone="yes"?>
<Concesionario>
    <nombre>prueba</nombre>
    <localizacion>las rozas</localizacion>
    <encargado>eduardo</encargado>
    <Coches>
        <Coche id="1">
            <marca>volkswagen</marca>
            <modelo>polo</modelo>
            <color>azul</color>
        </Coche>
        <Coche id="0">
            <marca>audi</marca>
            <modelo>a3</modelo>
            <color>azul</color>
        </Coche>
    </Coches>
</Concesionario>
