<?xml version="1.0" encoding="UTF-8"?>
<project-private xmlns="http://www.netbeans.org/ns/project-private/1">
    <editor-bookmarks xmlns="http://www.netbeans.org/ns/editor-bookmarks/2" lastBookmarkId="0"/>
    <open-files xmlns="http://www.netbeans.org/ns/projectui-open-files/2">
        <group>
            <file>file:/C:/Users/ebenz/Desktop/sw2/Practica1SW2/src/practica1sw2/Xpath.java</file>
            <file>file:/C:/Users/ebenz/Desktop/sw2/Practica1SW2/src/practica1sw2/Concesionario.java</file>
            <file>file:/C:/Users/ebenz/Desktop/sw2/Practica1SW2/src/practica1sw2/CheckWithDTD.java</file>
            <file>file:/C:/Users/ebenz/Desktop/sw2/Practica1SW2/src/practica1sw2/CheckWellFormedXML.java</file>
            <file>file:/C:/Users/ebenz/Desktop/sw2/Practica1SW2/src/practica1sw2/Xquery.java</file>
            <file>file:/C:/Users/ebenz/Desktop/sw2/Practica1SW2/src/practica1sw2/MarshUnmarsh.java</file>
            <file>file:/C:/Users/ebenz/Desktop/sw2/Practica1SW2/src/practica1sw2/Main.java</file>
            <file>file:/C:/Users/ebenz/Desktop/sw2/Practica1SW2/src/practica1sw2/Menu.java</file>
            <file>file:/C:/Users/ebenz/Desktop/sw2/Practica1SW2/src/practica1sw2/Coche.java</file>
        </group>
    </open-files>
</project-private>
